INSERT INTO categorias (nombre, descripcion, estado, activo) VALUES
('Electrónica', 'Dispositivos electrónicos', 'NORMAL', 1),
('Ropa', 'Ropa de vestir', 'NORMAL', 1),
('Calzado', 'Zapatillas y zapatos', 'NORMAL', 1),
('Computadoras', 'PCs y Notebooks', 'DESTACADO', 1),
('Celulares', 'Smartphones y accesorios', 'DESTACADO', 1),
('Hogar', 'Artículos para el hogar', 'NORMAL', 1),
('Juguetes', 'Juguetes para todas las edades', 'NORMAL', 1),
('Gaming', 'Accesorios para gamers', 'DESTACADO', 1),
('Audio', 'Parlantes y auriculares', 'NORMAL', 1),
('Televisores', 'Smart TV', 'DESTACADO', 1),
('Almacenamiento', 'Memorias y discos', 'NORMAL', 1),
('Cocina', 'Electrodomésticos de cocina', 'NORMAL', 1),
('Perfumería', 'Fragancias y cuidado personal', 'NORMAL', 1),
('Herramientas', 'Herramientas eléctricas y manuales', 'NORMAL', 1),
('Deportes', 'Indumentaria y accesorios deportivos', 'NORMAL', 1),
('Librería', 'Artículos escolares y de oficina', 'NORMAL', 1),
('Accesorios', 'Accesorios varios', 'NORMAL', 1),
('Videojuegos', 'Juegos físicos y digitales', 'NORMAL', 1),
('Mascotas', 'Productos para mascotas', 'NORMAL', 1),
('Jardín', 'Accesorios de jardín', 'NORMAL', 1);

INSERT INTO productos (nombre, idCategorias, precioCompra, precioVenta, stock, estado, activo) VALUES
('Notebook HP', 4, 400000, 500000, 5, 'DISPONIBLE', 1),
('Auricular Sony', 9, 15000, 22000, 30, 'DISPONIBLE', 1),
('Zapatillas Nike', 3, 35000, 50000, 10, 'DISPONIBLE', 1),
('Smart TV LG', 10, 300000, 370000, 3, 'DISPONIBLE', 1),
('Memoria 16GB', 11, 15000, 23000, 25, 'DISPONIBLE', 1),
('Silla Gamer', 8, 80000, 120000, 7, 'DISPONIBLE', 1),
('Heladera Whirlpool', 6, 350000, 470000, 2, 'DISPONIBLE', 1),
('Mouse Logitech', 8, 6000, 10000, 15, 'DISPONIBLE', 1),
('Parlante JBL', 9, 18000, 25000, 20, 'DISPONIBLE', 1),
('Celular Samsung', 5, 200000, 260000, 12, 'DISPONIBLE', 1),
('Impresora Epson', 4, 45000, 60000, 8, 'DISPONIBLE', 1),
('Disco SSD 1TB', 11, 35000, 50000, 18, 'DISPONIBLE', 1),
('Licuadora Oster', 12, 15000, 22000, 14, 'DISPONIBLE', 1),
('Perfume Dior', 13, 60000, 85000, 6, 'DISPONIBLE', 1),
('Cinta Métrica', 14, 2000, 3500, 40, 'DISPONIBLE', 1),
('Bicicleta MTB', 15, 120000, 160000, 4, 'DISPONIBLE', 1),
('Cuaderno A4', 16, 500, 900, 100, 'DISPONIBLE', 1),
('Collar Perro', 19, 3000, 5000, 35, 'DISPONIBLE', 1),
('Regadera', 20, 2500, 4000, 18, 'DISPONIBLE', 1),
('Cargador Samsung', 5, 6000, 10000, 25, 'DISPONIBLE', 1);

INSERT INTO clientes (nombre, apellido, dni, telefono, email, direccion, estado, activo) VALUES
('Juan', 'Pérez', '30111222', '1122334455', 'juan@gmail.com', 'Av Siempre Viva 123', 'ACTIVO', 1),
('Laura', 'Gómez', '28900444', '1122446688', 'laura@yahoo.com', 'Belgrano 555', 'ACTIVO', 1),
('Carlos', 'López', '25123456', '1133557799', 'carlos@hotmail.com', 'Mitre 210', 'DEUDOR', 1),
('Ana', 'Fernández', '27665544', '1144553322', 'ana@gmail.com', 'San Martín 900', 'ACTIVO', 1),
('Diego', 'Sosa', '33445522', '1177889900', 'diego@gmail.com', 'Pellegrini 600', 'ACTIVO', 1),
('Marta', 'Rivas', '28889911', '1199001122', 'marta@gmail.com', 'Urquiza 300', 'INACTIVO', 1),
('Romina', 'García', '31112233', '1100223344', 'romina@gmail.com', 'Italia 155', 'ACTIVO', 1),
('Marcos', 'Roldán', '30011222', '1133445566', 'marcos@gmail.com', 'España 900', 'ACTIVO', 1),
('Nicolás', 'Rivero', '32664455', '1144552233', 'nico@gmail.com', 'Ruta 8 km 20', 'SUSPENDIDO', 1),
('Lucía', 'Martínez', '32123456', '1188099300', 'lucia@yahoo.com', 'Castelli 990', 'ACTIVO', 1),
('Pedro', 'Álvarez', '28339922', '1166778899', 'pedro@gmail.com', 'Las Heras 700', 'ACTIVO', 1),
('Verónica', 'Silva', '27446688', '1133224455', 'vero@hotmail.com', 'Rivadavia 1200', 'DEUDOR', 1),
('Florencia', 'Acosta', '30221199', '1100998833', 'flor@gmail.com', 'Constitución 333', 'ACTIVO', 1),
('Héctor', 'Suárez', '24445666', '1144667799', 'hector@live.com', 'Cabildo 77', 'ACTIVO', 1),
('Esteban', 'Delgado', '31889977', '1199887766', 'esteban@gmail.com', 'Borges 500', 'ACTIVO', 1),
('Claudia', 'Molina', '27882266', '1177665544', 'claudia@gmail.com', 'Rawson 221', 'ACTIVO', 1),
('Tomás', 'Nuñez', '31110022', '1155112233', 'tomas@gmail.com', 'Paraguay 900', 'ACTIVO', 1),
('Gabriela', 'Reyes', '32770044', '1144112255', 'gaby@gmail.com', 'San Juan 120', 'INACTIVO', 1),
('Matías', 'Sánchez', '29001122', '1199776655', 'matias@gmail.com', 'Dorrego 450', 'ACTIVO', 1),
('Liliana', 'Roldán', '27002211', '1133221100', 'lili@gmail.com', 'Corrientes 888', 'ACTIVO', 1);

INSERT INTO facturas (idCliente, fecha, total, estado, metodoPago) VALUES
(1, '2025-01-01', 500000, 'PAGADO', 'Tarjeta'),
(2, '2025-01-02', 22000, 'PAGADO', 'Efectivo'),
(3, '2025-01-03', 50000, 'PENDIENTE', 'Transferencia'),
(4, '2025-01-04', 370000, 'PAGADO', 'Tarjeta'),
(5, '2025-01-05', 25000, 'PAGADO', 'Efectivo'),
(6, '2025-01-06', 260000, 'PENDIENTE', 'Tarjeta'),
(7, '2025-01-07', 120000, 'CANCELADO', 'Transferencia'),
(8, '2025-01-08', 60000, 'PAGADO', 'Efectivo'),
(9, '2025-01-09', 85000, 'PAGADO', 'Tarjeta'),
(10, '2025-01-10', 160000, 'PENDIENTE', 'Efectivo'),
(11, '2025-01-11', 10000, 'PAGADO', 'Tarjeta'),
(12, '2025-01-12', 50000, 'PAGADO', 'Efectivo'),
(13, '2025-01-13', 22000, 'PAGADO', 'Transferencia'),
(14, '2025-01-14', 40000, 'PENDIENTE', 'Tarjeta'),
(15, '2025-01-15', 500000, 'PAGADO', 'Efectivo'),
(16, '2025-01-16', 15000, 'PAGADO', 'Tarjeta'),
(17, '2025-01-17', 470000, 'PAGADO', 'Transferencia'),
(18, '2025-01-18', 10000, 'CANCELADO', 'Tarjeta'),
(19, '2025-01-19', 23000, 'PENDIENTE', 'Efectivo'),
(20, '2025-01-20', 260000, 'PAGADO', 'Tarjeta');

INSERT INTO detalleFacturas (idProducto, idFactura, cantidad, precioUnitario, subTotal) VALUES
(1, 1, 1, 500000, 500000),
(2, 2, 1, 22000, 22000),
(3, 3, 1, 50000, 50000),
(4, 4, 1, 370000, 370000),
(9, 5, 1, 25000, 25000),
(10, 6, 1, 260000, 260000),
(6, 7, 1, 120000, 120000),
(11, 8, 1, 60000, 60000),
(14, 9, 1, 85000, 85000),
(15, 10, 1, 160000, 160000),
(8, 11, 1, 10000, 10000),
(3, 12, 1, 50000, 50000),
(5, 13, 1, 22000, 22000),
(7, 14, 1, 40000, 40000),
(1, 15, 1, 500000, 500000),
(13, 16, 1, 15000, 15000),
(6, 17, 1, 470000, 470000),
(8, 18, 1, 10000, 10000),
(12, 19, 1, 23000, 23000),
(10, 20, 1, 260000, 260000);